contextWord,correct,cueWord,location,response_time,stimulus,subject_nr,trialType,typicalLocation
coffee,1,tension,top,526,x,111,filler,filler
pine,1,oil,top,436,x,111,filler,filler
family,1,cow,top,390,o,111,filler,filler
bicycle,1,tire,bottom,486,o,111,test,bottom
mushroom,1,cap,bottom,350,o,111,test,top
air,1,current,bottom,475,x,111,filler,filler
nose,1,itch,bottom,370,o,111,filler,filler
horse,1,hooves,top,431,x,111,test,bottom
elephant,0,foot,bottom,370,o,111,test,bottom
bedroom,1,curtains,top,560,x,111,test,top
olive,1,fertilizer,bottom,526,x,111,filler,filler
tree,1,roots,top,558,x,111,test,bottom
tax,1,pressure,top,353,o,111,filler,filler
birth,1,rash,top,386,o,111,filler,filler
trouser,1,buckle,bottom,450,o,111,test,top
fruit,1,slice,bottom,419,o,111,filler,filler
student,1,vote,top,303,x,111,filler,filler
coal,1,country,bottom,410,o,111,filler,filler
air,1,power,top,431,o,111,filler,filler
milk,0,virus,top,382,x,111,filler,filler
trouser,1,hem,top,321,x,111,test,bottom
bear,1,snout,top,452,x,111,test,top
plastic,1,shortage,bottom,515,x,111,filler,filler
winter,1,show,bottom,461,x,111,filler,filler
clock,1,radio,bottom,411,o,111,test,bottom
corn,1,stalk,top,454,x,111,test,top
broom,1,bristles,bottom,337,o,111,test,bottom
cable,1,brake,top,542,x,111,filler,filler
fruit,1,food,top,426,x,111,filler,filler
urban,1,riot,top,339,o,111,filler,filler
bicycle,1,seat,top,376,x,111,test,top
desk,1,drawer,bottom,477,o,111,test,bottom
coffee,1,stain,bottom,580,o,111,filler,filler
steam,1,lock,top,514,o,111,filler,filler
chocolate,1,powder,bottom,450,o,111,filler,filler
sugar,1,extract,bottom,461,o,111,filler,filler
coconut,1,milk,bottom,399,o,111,test,bottom
urban,1,tower,bottom,372,x,111,filler,filler
cowboy,1,hat,top,464,x,111,test,top
olive,1,season,top,423,o,111,filler,filler
shoe,1,soles,top,446,x,111,test,bottom
street,1,corner,top,451,x,111,test,bottom
college,1,lake,top,514,o,111,filler,filler
hotel,1,lobby,top,501,x,111,test,bottom
birth,1,cramp,bottom,547,x,111,filler,filler
cowboy,1,boot,bottom,486,o,111,test,bottom
pine,1,bark,bottom,383,o,111,filler,filler
table,1,leg,top,469,x,111,test,bottom
flower,1,petal,bottom,349,o,111,test,top
coconut,1,tree,top,405,x,111,test,top
mountain,1,peak,bottom,481,o,111,test,top
bottle,1,cap,top,490,x,111,test,top
elephant,1,ear,top,490,x,111,test,top
job,1,competition,bottom,411,x,111,filler,filler
mushroom,1,stalk,top,597,x,111,test,bottom
cactus,1,bee,top,349,x,111,filler,filler
grain,0,controversy,bottom,401,x,111,filler,filler
tree,1,leaves,bottom,459,o,111,test,top
plastic,1,report,top,430,o,111,filler,filler
wood,1,freshner,bottom,437,o,111,filler,filler
chocolate,1,shavings,top,416,x,111,filler,filler
church,1,pew,bottom,484,o,111,test,bottom
bedroom,1,carpet,bottom,435,o,111,test,bottom
college,1,property,bottom,445,x,111,filler,filler
water,1,algae,bottom,593,o,111,filler,filler
cable,1,pulley,bottom,446,o,111,filler,filler
car,1,windows,top,400,x,111,test,top
house,1,cellar,top,397,x,111,test,bottom
honey,1,soup,top,482,x,111,filler,filler
corn,1,seed,bottom,390,o,111,test,bottom
family,1,garden,bottom,449,x,111,filler,filler
wood,1,stove,top,782,x,111,filler,filler
dog,1,paw,bottom,406,o,111,test,bottom
bear,1,claw,bottom,436,o,111,test,bottom
cane,1,sugar,top,486,o,111,filler,filler
summer,1,clothes,bottom,448,x,111,filler,filler
ocean,0,surface,bottom,402,o,111,test,top
job,1,language,top,529,o,111,filler,filler
water,1,bird,top,558,x,111,filler,filler
nose,1,sound,top,559,x,111,filler,filler
bottle,1,coaster,bottom,485,o,111,test,bottom
cactus,1,chipmunk,bottom,610,o,111,filler,filler
coal,1,town,top,510,x,111,filler,filler
house,1,attic,bottom,535,o,111,test,top
student,1,accusation,bottom,444,o,111,filler,filler
tax,1,wealth,bottom,450,x,111,filler,filler
oil,1,treatment,top,429,o,111,filler,filler
desk,1,lamp,top,526,x,111,test,top
broom,1,handle,top,416,x,111,test,top
horse,1,mane,bottom,417,o,111,test,top
flower,1,stem,top,438,x,111,test,bottom
grain,1,law,top,422,o,111,filler,filler
table,1,cloth,bottom,492,o,111,test,top
rain,1,puddle,top,462,x,111,test,bottom
car,1,wheels,bottom,352,o,111,test,bottom
church,1,steeple,top,477,x,111,test,top
bird,1,eye,top,415,x,111,test,top
floor,1,rug,top,482,x,111,test,bottom
summer,1,money,top,395,o,111,filler,filler
sugar,1,alcohol,top,511,x,111,filler,filler
floor,1,lamp,bottom,385,o,111,test,top
moth,1,shape,top,316,x,111,filler,filler
rain,1,cloud,bottom,350,o,111,test,top
milk,1,bacterium,bottom,419,o,111,filler,filler
shower,1,spout,bottom,420,o,111,test,top
shower,1,drain,top,353,x,111,test,bottom
bird,1,talon,bottom,418,o,111,test,bottom
street,1,light,bottom,381,o,111,test,top
honey,1,muffin,bottom,354,o,111,filler,filler
ocean,1,floor,top,386,x,111,test,bottom
mountain,1,base,top,432,x,111,test,bottom
winter,1,book,top,421,o,111,filler,filler
dog,1,collar,top,365,x,111,test,top
steam,1,turbine,bottom,450,x,111,filler,filler
cane,1,juice,bottom,337,x,111,filler,filler
clock,1,tower,top,398,x,111,test,top
oil,1,moisturizer,bottom,393,x,111,filler,filler
hotel,1,roof,bottom,454,o,111,test,top
shoe,1,laces,bottom,321,o,111,test,top
moth,1,wing,bottom,322,o,111,filler,filler
coffee,0,stain,bottom,415,o,112,filler,filler
cactus,1,bee,top,374,x,112,filler,filler
shoe,1,laces,bottom,370,o,112,test,top
milk,1,virus,top,431,x,112,filler,filler
ocean,1,floor,top,584,x,112,test,bottom
shoe,1,soles,top,473,x,112,test,bottom
wood,0,freshner,bottom,371,o,112,filler,filler
ocean,1,surface,bottom,5,o,112,test,top
horse,1,hooves,top,560,x,112,test,bottom
dog,1,collar,top,450,x,112,test,top
job,0,language,top,348,o,112,filler,filler
bicycle,1,seat,top,505,x,112,test,top
flower,1,stem,top,614,x,112,test,bottom
urban,1,tower,bottom,530,x,112,filler,filler
shower,1,spout,bottom,687,o,112,test,top
bicycle,1,tire,bottom,463,o,112,test,bottom
bedroom,1,carpet,bottom,402,o,112,test,bottom
house,1,attic,bottom,300,o,112,test,top
horse,1,mane,bottom,336,o,112,test,top
table,1,cloth,bottom,256,o,112,test,top
grain,1,controversy,bottom,417,x,112,filler,filler
birth,1,cramp,bottom,409,x,112,filler,filler
corn,1,seed,bottom,497,o,112,test,bottom
cable,1,brake,top,671,x,112,filler,filler
urban,1,riot,top,485,o,112,filler,filler
corn,1,stalk,top,381,x,112,test,top
bear,1,claw,bottom,419,o,112,test,bottom
broom,1,bristles,bottom,410,o,112,test,bottom
honey,1,muffin,bottom,418,o,112,filler,filler
clock,1,radio,bottom,391,o,112,test,bottom
cowboy,1,hat,top,463,x,112,test,top
coconut,1,milk,bottom,526,o,112,test,bottom
desk,1,lamp,top,646,x,112,test,top
table,1,leg,top,590,x,112,test,bottom
mushroom,1,stalk,top,467,x,112,test,bottom
cane,1,sugar,top,366,o,112,filler,filler
student,1,vote,top,477,x,112,filler,filler
summer,1,money,top,340,o,112,filler,filler
water,1,bird,top,531,x,112,filler,filler
bird,1,talon,bottom,516,o,112,test,bottom
olive,1,fertilizer,bottom,627,x,112,filler,filler
mushroom,1,cap,bottom,434,o,112,test,top
chocolate,1,shavings,top,290,x,112,filler,filler
moth,1,wing,bottom,530,o,112,filler,filler
grain,1,law,top,421,o,112,filler,filler
elephant,1,foot,bottom,366,o,112,test,bottom
olive,1,season,top,381,o,112,filler,filler
sugar,1,alcohol,top,657,x,112,filler,filler
cactus,1,chipmunk,bottom,538,o,112,filler,filler
nose,1,itch,bottom,372,o,112,filler,filler
flower,0,petal,bottom,321,o,112,test,top
winter,1,book,top,435,o,112,filler,filler
fruit,1,slice,bottom,374,o,112,filler,filler
hotel,1,roof,bottom,409,o,112,test,top
cane,1,juice,bottom,536,x,112,filler,filler
coal,1,town,top,585,x,112,filler,filler
tax,1,pressure,top,417,o,112,filler,filler
tree,1,leaves,bottom,733,o,112,test,top
tree,1,roots,top,605,x,112,test,bottom
birth,1,rash,top,305,o,112,filler,filler
milk,1,bacterium,bottom,414,o,112,filler,filler
clock,1,tower,top,396,x,112,test,top
summer,0,clothes,bottom,321,x,112,filler,filler
job,1,competition,bottom,626,x,112,filler,filler
mountain,1,peak,bottom,459,o,112,test,top
cowboy,1,boot,bottom,446,o,112,test,bottom
church,1,steeple,top,562,x,112,test,top
mountain,1,base,top,544,x,112,test,bottom
steam,0,turbine,bottom,415,x,112,filler,filler
church,0,pew,bottom,1202,o,112,test,bottom
rain,1,cloud,bottom,537,o,112,test,top
trouser,1,hem,top,453,x,112,test,bottom
family,0,cow,top,449,o,112,filler,filler
bird,1,eye,top,849,x,112,test,top
college,1,lake,top,354,o,112,filler,filler
car,1,wheels,bottom,512,o,112,test,bottom
broom,1,handle,top,545,x,112,test,top
winter,1,show,bottom,524,x,112,filler,filler
fruit,1,food,top,510,x,112,filler,filler
desk,0,drawer,bottom,445,o,112,test,bottom
plastic,1,shortage,bottom,973,x,112,filler,filler
air,1,current,bottom,443,x,112,filler,filler
honey,1,soup,top,543,x,112,filler,filler
car,1,windows,top,671,x,112,test,top
dog,0,paw,bottom,452,o,112,test,bottom
bear,1,snout,top,603,x,112,test,top
steam,1,lock,top,609,o,112,filler,filler
pine,1,oil,top,687,x,112,filler,filler
street,1,light,bottom,416,o,112,test,top
sugar,1,extract,bottom,475,o,112,filler,filler
pine,1,bark,bottom,507,o,112,filler,filler
rain,1,puddle,top,539,x,112,test,bottom
hotel,1,lobby,top,645,x,112,test,bottom
coconut,1,tree,top,638,x,112,test,top
street,0,corner,top,370,x,112,test,bottom
cable,1,pulley,bottom,543,o,112,filler,filler
chocolate,1,powder,bottom,557,o,112,filler,filler
college,1,property,bottom,505,x,112,filler,filler
shower,1,drain,top,428,x,112,test,bottom
house,1,cellar,top,480,x,112,test,bottom
family,1,garden,bottom,417,x,112,filler,filler
plastic,1,report,top,525,o,112,filler,filler
tax,1,wealth,bottom,574,x,112,filler,filler
student,1,accusation,bottom,641,o,112,filler,filler
bottle,1,coaster,bottom,501,o,112,test,bottom
wood,1,stove,top,649,x,112,filler,filler
bottle,1,cap,top,570,x,112,test,top
floor,1,lamp,bottom,394,o,112,test,top
water,1,algae,bottom,848,o,112,filler,filler
floor,1,rug,top,591,x,112,test,bottom
moth,1,shape,top,462,x,112,filler,filler
coffee,1,tension,top,510,x,112,filler,filler
oil,1,moisturizer,bottom,562,x,112,filler,filler
bedroom,1,curtains,top,542,x,112,test,top
coal,1,country,bottom,539,o,112,filler,filler
nose,1,sound,top,538,x,112,filler,filler
trouser,1,buckle,bottom,450,o,112,test,top
elephant,1,ear,top,525,x,112,test,top
oil,1,treatment,top,557,o,112,filler,filler
air,1,power,top,405,o,112,filler,filler
coconut,1,tree,top,781,x,113,test,top
bear,1,claw,bottom,581,o,113,test,bottom
water,1,algae,bottom,511,o,113,filler,filler
college,1,lake,top,480,o,113,filler,filler
plastic,1,shortage,bottom,462,x,113,filler,filler
elephant,1,foot,bottom,416,o,113,test,bottom
cowboy,1,boot,bottom,431,o,113,test,bottom
horse,1,mane,bottom,450,o,113,test,top
floor,1,rug,top,431,x,113,test,bottom
student,1,vote,top,569,x,113,filler,filler
cable,1,pulley,bottom,509,o,113,filler,filler
flower,1,stem,top,523,x,113,test,bottom
rain,1,cloud,bottom,518,o,113,test,top
car,1,windows,top,419,x,113,test,top
mushroom,1,stalk,top,489,x,113,test,bottom
cane,1,juice,bottom,617,x,113,filler,filler
moth,1,shape,top,428,x,113,filler,filler
winter,1,book,top,466,o,113,filler,filler
moth,1,wing,bottom,387,o,113,filler,filler
bird,1,eye,top,431,x,113,test,top
bird,1,talon,bottom,434,o,113,test,bottom
desk,1,lamp,top,863,x,113,test,top
car,1,wheels,bottom,419,o,113,test,bottom
air,1,power,top,811,o,113,filler,filler
ocean,1,surface,bottom,472,o,113,test,top
rain,1,puddle,top,466,x,113,test,bottom
student,1,accusation,bottom,509,o,113,filler,filler
winter,1,show,bottom,586,x,113,filler,filler
honey,1,muffin,bottom,523,o,113,filler,filler
house,1,attic,bottom,460,o,113,test,top
tree,1,roots,top,593,x,113,test,bottom
street,1,light,bottom,480,o,113,test,top
wood,1,freshner,bottom,418,o,113,filler,filler
pine,1,bark,bottom,352,o,113,filler,filler
olive,1,season,top,397,o,113,filler,filler
bottle,1,cap,top,434,x,113,test,top
trouser,1,buckle,bottom,556,o,113,test,top
church,1,pew,bottom,501,o,113,test,bottom
cable,1,brake,top,579,x,113,filler,filler
nose,1,itch,bottom,671,o,113,filler,filler
broom,1,bristles,bottom,723,o,113,test,bottom
coffee,1,stain,bottom,708,o,113,filler,filler
dog,1,collar,top,692,x,113,test,top
college,1,property,bottom,733,x,113,filler,filler
clock,1,radio,bottom,533,o,113,test,bottom
mountain,1,base,top,658,x,113,test,bottom
air,1,current,bottom,702,x,113,filler,filler
coal,1,town,top,564,x,113,filler,filler
bedroom,1,curtains,top,851,x,113,test,top
table,1,cloth,bottom,801,o,113,test,top
steam,1,turbine,bottom,685,x,113,filler,filler
honey,1,soup,top,544,x,113,filler,filler
horse,1,hooves,top,639,x,113,test,bottom
corn,1,stalk,top,612,x,113,test,top
family,1,garden,bottom,747,x,113,filler,filler
shoe,1,soles,top,415,x,113,test,bottom
pine,1,oil,top,381,x,113,filler,filler
cactus,1,chipmunk,bottom,668,o,113,filler,filler
house,1,cellar,top,561,x,113,test,bottom
street,1,corner,top,1595,x,113,test,bottom
floor,1,lamp,bottom,521,o,113,test,top
sugar,1,alcohol,top,481,x,113,filler,filler
urban,1,tower,bottom,2672,x,113,filler,filler
shoe,1,laces,bottom,484,o,113,test,top
broom,1,handle,top,533,x,113,test,top
mushroom,1,cap,bottom,852,o,113,test,top
bear,1,snout,top,417,x,113,test,top
job,1,language,top,425,o,113,filler,filler
grain,1,controversy,bottom,642,x,113,filler,filler
table,1,leg,top,476,x,113,test,bottom
trouser,1,hem,top,358,x,113,test,bottom
milk,1,virus,top,399,x,113,filler,filler
mountain,1,peak,bottom,291,o,113,test,top
coal,1,country,bottom,419,o,113,filler,filler
cane,1,sugar,top,351,o,113,filler,filler
coffee,1,tension,top,493,x,113,filler,filler
water,1,bird,top,303,x,113,filler,filler
chocolate,1,shavings,top,320,x,113,filler,filler
plastic,1,report,top,140,o,113,filler,filler
summer,1,clothes,bottom,664,x,113,filler,filler
elephant,1,ear,top,364,x,113,test,top
steam,1,lock,top,923,o,113,filler,filler
cowboy,1,hat,top,596,x,113,test,top
coconut,1,milk,bottom,496,o,113,test,bottom
olive,1,fertilizer,bottom,570,x,113,filler,filler
birth,1,cramp,bottom,401,x,113,filler,filler
hotel,1,roof,bottom,419,o,113,test,top
oil,1,moisturizer,bottom,495,x,113,filler,filler
grain,1,law,top,498,o,113,filler,filler
bedroom,1,carpet,bottom,417,o,113,test,bottom
job,1,competition,bottom,412,x,113,filler,filler
fruit,1,food,top,497,x,113,filler,filler
milk,1,bacterium,bottom,481,o,113,filler,filler
flower,1,petal,bottom,412,o,113,test,top
chocolate,1,powder,bottom,529,o,113,filler,filler
wood,1,stove,top,582,x,113,filler,filler
birth,1,rash,top,588,o,113,filler,filler
tax,1,pressure,top,757,o,113,filler,filler
dog,1,paw,bottom,1061,o,113,test,bottom
bicycle,1,tire,bottom,496,o,113,test,bottom
nose,1,sound,top,465,x,113,filler,filler
fruit,1,slice,bottom,403,o,113,filler,filler
shower,1,spout,bottom,607,o,113,test,top
sugar,1,extract,bottom,880,o,113,filler,filler
corn,1,seed,bottom,807,o,113,test,bottom
bottle,1,coaster,bottom,905,o,113,test,bottom
cactus,1,bee,top,390,x,113,filler,filler
urban,1,riot,top,641,o,113,filler,filler
desk,1,drawer,bottom,669,o,113,test,bottom
church,1,steeple,top,1039,x,113,test,top
ocean,1,floor,top,761,x,113,test,bottom
shower,1,drain,top,758,x,113,test,bottom
bicycle,1,seat,top,397,x,113,test,top
family,1,cow,top,689,o,113,filler,filler
hotel,1,lobby,top,659,x,113,test,bottom
oil,1,treatment,top,368,o,113,filler,filler
clock,1,tower,top,421,x,113,test,top
tree,1,leaves,bottom,497,o,113,test,top
summer,1,money,top,510,o,113,filler,filler
tax,1,wealth,bottom,384,x,113,filler,filler
cactus,0,chipmunk,bottom,304,o,114,filler,filler
water,0,bird,top,372,x,114,filler,filler
family,1,cow,top,444,o,114,filler,filler
pine,1,oil,top,404,x,114,filler,filler
corn,1,seed,bottom,425,o,114,test,bottom
flower,1,stem,top,301,x,114,test,bottom
rain,0,puddle,top,370,x,114,test,bottom
job,1,language,top,449,o,114,filler,filler
dog,0,paw,bottom,373,o,114,test,bottom
desk,1,lamp,top,610,x,114,test,top
ocean,1,surface,bottom,446,o,114,test,top
bottle,1,cap,top,401,x,114,test,top
floor,1,lamp,bottom,414,o,114,test,top
olive,0,season,top,401,o,114,filler,filler
milk,0,virus,top,458,x,114,filler,filler
car,1,wheels,bottom,686,o,114,test,bottom
grain,1,controversy,bottom,528,x,114,filler,filler
student,1,accusation,bottom,553,o,114,filler,filler
water,1,algae,bottom,509,o,114,filler,filler
air,1,current,bottom,481,x,114,filler,filler
shoe,1,soles,top,497,x,114,test,bottom
elephant,1,ear,top,427,x,114,test,top
fruit,1,slice,bottom,518,o,114,filler,filler
grain,1,law,top,513,o,114,filler,filler
street,1,light,bottom,467,o,114,test,top
chocolate,1,shavings,top,424,x,114,filler,filler
table,1,leg,top,448,x,114,test,bottom
oil,1,treatment,top,320,o,114,filler,filler
bear,1,claw,bottom,465,o,114,test,bottom
hotel,1,roof,bottom,386,o,114,test,top
tax,1,pressure,top,487,o,114,filler,filler
chocolate,1,powder,bottom,486,o,114,filler,filler
clock,1,tower,top,868,x,114,test,top
tree,1,roots,top,507,x,114,test,bottom
bedroom,1,curtains,top,471,x,114,test,top
wood,1,freshner,bottom,493,o,114,filler,filler
cowboy,1,hat,top,444,x,114,test,top
elephant,1,foot,bottom,529,o,114,test,bottom
church,1,steeple,top,574,x,114,test,top
mushroom,1,stalk,top,433,x,114,test,bottom
bicycle,1,tire,bottom,322,o,114,test,bottom
dog,1,collar,top,430,x,114,test,top
bottle,1,coaster,bottom,371,o,114,test,bottom
steam,1,turbine,bottom,446,x,114,filler,filler
nose,1,sound,top,484,x,114,filler,filler
wood,1,stove,top,635,x,114,filler,filler
coffee,1,tension,top,447,x,114,filler,filler
moth,1,shape,top,371,x,114,filler,filler
olive,1,fertilizer,bottom,449,x,114,filler,filler
birth,1,rash,top,448,o,114,filler,filler
hotel,1,lobby,top,399,x,114,test,bottom
ocean,1,floor,top,436,x,114,test,bottom
college,1,property,bottom,522,x,114,filler,filler
house,1,attic,bottom,563,o,114,test,top
broom,1,bristles,bottom,455,o,114,test,bottom
horse,1,hooves,top,430,x,114,test,bottom
table,1,cloth,bottom,561,o,114,test,top
cane,1,sugar,top,477,o,114,filler,filler
summer,1,clothes,bottom,404,x,114,filler,filler
birth,1,cramp,bottom,421,x,114,filler,filler
milk,1,bacterium,bottom,543,o,114,filler,filler
nose,1,itch,bottom,431,o,114,filler,filler
bicycle,1,seat,top,594,x,114,test,top
winter,1,show,bottom,700,x,114,filler,filler
plastic,1,report,top,494,o,114,filler,filler
clock,1,radio,bottom,481,o,114,test,bottom
coconut,1,tree,top,577,x,114,test,top
sugar,1,extract,bottom,624,o,114,filler,filler
cane,1,juice,bottom,530,x,114,filler,filler
shoe,1,laces,bottom,434,o,114,test,top
mountain,0,peak,bottom,398,o,114,test,top
sugar,1,alcohol,top,634,x,114,filler,filler
trouser,1,buckle,bottom,399,o,114,test,top
bear,1,snout,top,577,x,114,test,top
bird,1,eye,top,629,x,114,test,top
fruit,1,food,top,532,x,114,filler,filler
church,1,pew,bottom,497,o,114,test,bottom
street,1,corner,top,419,x,114,test,bottom
mountain,1,base,top,395,x,114,test,bottom
tax,1,wealth,bottom,384,x,114,filler,filler
plastic,1,shortage,bottom,426,x,114,filler,filler
family,1,garden,bottom,402,x,114,filler,filler
urban,1,tower,bottom,386,x,114,filler,filler
horse,1,mane,bottom,540,o,114,test,top
mushroom,1,cap,bottom,498,o,114,test,top
moth,1,wing,bottom,413,o,114,filler,filler
rain,1,cloud,bottom,360,o,114,test,top
corn,1,stalk,top,469,x,114,test,top
cowboy,1,boot,bottom,486,o,114,test,bottom
coffee,1,stain,bottom,383,o,114,filler,filler
floor,1,rug,top,583,x,114,test,bottom
cactus,1,bee,top,531,x,114,filler,filler
urban,1,riot,top,516,o,114,filler,filler
honey,1,muffin,bottom,417,o,114,filler,filler
student,1,vote,top,481,x,114,filler,filler
house,1,cellar,top,577,x,114,test,bottom
desk,1,drawer,bottom,397,o,114,test,bottom
shower,1,drain,top,481,x,114,test,bottom
tree,1,leaves,bottom,434,o,114,test,top
honey,1,soup,top,457,x,114,filler,filler
college,1,lake,top,405,o,114,filler,filler
winter,1,book,top,444,o,114,filler,filler
broom,1,handle,top,545,x,114,test,top
bird,1,talon,bottom,556,o,114,test,bottom
job,1,competition,bottom,412,x,114,filler,filler
oil,1,moisturizer,bottom,453,x,114,filler,filler
car,1,windows,top,566,x,114,test,top
shower,1,spout,bottom,506,o,114,test,top
coal,1,town,top,452,x,114,filler,filler
flower,1,petal,bottom,445,o,114,test,top
steam,1,lock,top,481,o,114,filler,filler
trouser,1,hem,top,483,x,114,test,bottom
coal,1,country,bottom,483,o,114,filler,filler
summer,1,money,top,484,o,114,filler,filler
air,1,power,top,480,o,114,filler,filler
cable,1,pulley,bottom,465,o,114,filler,filler
bedroom,1,carpet,bottom,418,o,114,test,bottom
pine,1,bark,bottom,366,o,114,filler,filler
coconut,1,milk,bottom,341,o,114,test,bottom
cable,1,brake,top,389,x,114,filler,filler
plastic,1,report,top,496,o,115,filler,filler
shoe,0,laces,bottom,333,o,115,test,top
house,1,attic,bottom,585,o,115,test,top
coal,1,country,bottom,371,o,115,filler,filler
fruit,1,slice,bottom,448,o,115,filler,filler
honey,1,soup,top,445,x,115,filler,filler
moth,1,shape,top,606,x,115,filler,filler
ocean,1,surface,bottom,483,o,115,test,top
summer,1,money,top,423,o,115,filler,filler
house,1,cellar,top,593,x,115,test,bottom
honey,1,muffin,bottom,540,o,115,filler,filler
table,1,leg,top,347,x,115,test,bottom
water,1,algae,bottom,468,o,115,filler,filler
oil,1,treatment,top,527,o,115,filler,filler
student,0,vote,top,450,x,115,filler,filler
birth,1,cramp,bottom,527,x,115,filler,filler
mushroom,1,cap,bottom,605,o,115,test,top
cane,1,sugar,top,560,o,115,filler,filler
moth,1,wing,bottom,394,o,115,filler,filler
cowboy,1,boot,bottom,430,o,115,test,bottom
grain,1,controversy,bottom,472,x,115,filler,filler
table,1,cloth,bottom,439,o,115,test,top
olive,1,fertilizer,bottom,538,x,115,filler,filler
milk,1,bacterium,bottom,484,o,115,filler,filler
desk,1,lamp,top,689,x,115,test,top
coffee,1,tension,top,498,x,115,filler,filler
bicycle,1,seat,top,515,x,115,test,top
bear,1,claw,bottom,463,o,115,test,bottom
nose,1,itch,bottom,532,o,115,filler,filler
urban,1,riot,top,399,o,115,filler,filler
steam,1,turbine,bottom,364,x,115,filler,filler
rain,0,cloud,bottom,478,o,115,test,top
clock,1,tower,top,527,x,115,test,top
coconut,1,tree,top,476,x,115,test,top
oil,1,moisturizer,bottom,495,x,115,filler,filler
shoe,1,soles,top,546,x,115,test,bottom
air,1,current,bottom,528,x,115,filler,filler
tax,1,wealth,bottom,477,x,115,filler,filler
chocolate,1,shavings,top,448,x,115,filler,filler
hotel,1,roof,bottom,531,o,115,test,top
clock,1,radio,bottom,501,o,115,test,bottom
coffee,1,stain,bottom,484,o,115,filler,filler
wood,1,stove,top,483,x,115,filler,filler
bottle,0,coaster,bottom,462,o,115,test,bottom
family,1,cow,top,613,o,115,filler,filler
bottle,1,cap,top,637,x,115,test,top
pine,1,bark,bottom,678,o,115,filler,filler
coal,1,town,top,646,x,115,filler,filler
college,1,property,bottom,441,x,115,filler,filler
olive,1,season,top,508,o,115,filler,filler
flower,1,petal,bottom,477,o,115,test,top
bicycle,1,tire,bottom,495,o,115,test,bottom
tree,1,roots,top,462,x,115,test,bottom
ocean,1,floor,top,705,x,115,test,bottom
family,1,garden,bottom,525,x,115,filler,filler
cowboy,1,hat,top,542,x,115,test,top
broom,1,bristles,bottom,576,o,115,test,bottom
desk,1,drawer,bottom,526,o,115,test,bottom
fruit,1,food,top,492,x,115,filler,filler
steam,1,lock,top,412,o,115,filler,filler
horse,1,hooves,top,528,x,115,test,bottom
cable,1,pulley,bottom,450,o,115,filler,filler
broom,1,handle,top,434,x,115,test,top
plastic,1,shortage,bottom,494,x,115,filler,filler
winter,1,book,top,574,o,115,filler,filler
car,1,wheels,bottom,511,o,115,test,bottom
tree,1,leaves,bottom,526,o,115,test,top
horse,1,mane,bottom,589,o,115,test,top
cactus,1,bee,top,432,x,115,filler,filler
birth,1,rash,top,492,o,115,filler,filler
water,1,bird,top,543,x,115,filler,filler
shower,1,spout,bottom,382,o,115,test,top
mountain,1,base,top,499,x,115,test,bottom
elephant,1,foot,bottom,420,o,115,test,bottom
floor,1,lamp,bottom,465,o,115,test,top
elephant,1,ear,top,529,x,115,test,top
mountain,1,peak,bottom,349,o,115,test,top
winter,1,show,bottom,702,x,115,filler,filler
flower,1,stem,top,672,x,115,test,bottom
pine,1,oil,top,510,x,115,filler,filler
chocolate,1,powder,bottom,474,o,115,filler,filler
bedroom,1,curtains,top,547,x,115,test,top
nose,1,sound,top,511,x,115,filler,filler
bird,1,eye,top,497,x,115,test,top
urban,1,tower,bottom,499,x,115,filler,filler
bear,1,snout,top,500,x,115,test,top
student,1,accusation,bottom,560,o,115,filler,filler
corn,1,seed,bottom,594,o,115,test,bottom
summer,1,clothes,bottom,449,x,115,filler,filler
tax,1,pressure,top,437,o,115,filler,filler
air,1,power,top,439,o,115,filler,filler
coconut,1,milk,bottom,494,o,115,test,bottom
floor,1,rug,top,400,x,115,test,bottom
car,1,windows,top,384,x,115,test,top
cactus,1,chipmunk,bottom,497,o,115,filler,filler
church,1,pew,bottom,465,o,115,test,bottom
shower,1,drain,top,352,x,115,test,bottom
job,1,language,top,492,o,115,filler,filler
dog,1,paw,bottom,477,o,115,test,bottom
mushroom,1,stalk,top,528,x,115,test,bottom
hotel,1,lobby,top,590,x,115,test,bottom
rain,1,puddle,top,518,x,115,test,bottom
sugar,1,alcohol,top,626,x,115,filler,filler
grain,1,law,top,502,o,115,filler,filler
trouser,0,buckle,bottom,514,o,115,test,top
bedroom,1,carpet,bottom,552,o,115,test,bottom
milk,1,virus,top,533,x,115,filler,filler
corn,1,stalk,top,581,x,115,test,top
bird,1,talon,bottom,402,o,115,test,bottom
job,1,competition,bottom,574,x,115,filler,filler
cable,1,brake,top,570,x,115,filler,filler
sugar,1,extract,bottom,466,o,115,filler,filler
trouser,1,hem,top,564,x,115,test,bottom
cane,1,juice,bottom,498,x,115,filler,filler
church,1,steeple,top,578,x,115,test,top
street,1,corner,top,432,x,115,test,bottom
wood,1,freshner,bottom,580,o,115,filler,filler
street,1,light,bottom,435,o,115,test,top
dog,1,collar,top,434,x,115,test,top
college,1,lake,top,513,o,115,filler,filler
street,1,corner,top,494,x,116,test,bottom
wood,1,stove,top,519,x,116,filler,filler
flower,1,stem,top,463,x,116,test,bottom
cowboy,1,boot,bottom,516,o,116,test,bottom
rain,1,puddle,top,420,x,116,test,bottom
honey,1,soup,top,522,x,116,filler,filler
elephant,1,ear,top,414,x,116,test,top
cable,1,pulley,bottom,438,o,116,filler,filler
nose,1,sound,top,368,x,116,filler,filler
church,1,steeple,top,473,x,116,test,top
bottle,1,cap,top,398,x,116,test,top
street,1,light,bottom,453,o,116,test,top
family,0,cow,top,463,o,116,filler,filler
shower,1,spout,bottom,608,o,116,test,top
shower,1,drain,top,677,x,116,test,bottom
cactus,1,bee,top,484,x,116,filler,filler
bear,1,claw,bottom,472,o,116,test,bottom
coal,1,country,bottom,484,o,116,filler,filler
summer,1,clothes,bottom,633,x,116,filler,filler
oil,1,treatment,top,468,o,116,filler,filler
house,1,attic,bottom,381,o,116,test,top
mountain,1,base,top,446,x,116,test,bottom
college,1,property,bottom,667,x,116,filler,filler
ocean,1,floor,top,428,x,116,test,bottom
grain,1,controversy,bottom,481,x,116,filler,filler
floor,1,lamp,bottom,433,o,116,test,top
coconut,1,tree,top,399,x,116,test,top
flower,1,petal,bottom,462,o,116,test,top
car,1,wheels,bottom,368,o,116,test,bottom
clock,1,tower,top,447,x,116,test,top
ocean,1,surface,bottom,377,o,116,test,top
elephant,1,foot,bottom,449,o,116,test,bottom
air,1,power,top,430,o,116,filler,filler
winter,1,book,top,529,o,116,filler,filler
student,1,vote,top,480,x,116,filler,filler
corn,1,stalk,top,545,x,116,test,top
winter,0,show,bottom,434,x,116,filler,filler
clock,1,radio,bottom,750,o,116,test,bottom
mountain,1,peak,bottom,653,o,116,test,top
tree,1,roots,top,670,x,116,test,bottom
steam,1,lock,top,669,o,116,filler,filler
milk,1,virus,top,594,x,116,filler,filler
desk,1,lamp,top,606,x,116,test,top
cane,1,juice,bottom,512,x,116,filler,filler
trouser,1,buckle,bottom,544,o,116,test,top
horse,1,hooves,top,495,x,116,test,bottom
chocolate,1,shavings,top,530,x,116,filler,filler
tree,1,leaves,bottom,465,o,116,test,top
job,1,language,top,531,o,116,filler,filler
college,1,lake,top,483,o,116,filler,filler
birth,1,rash,top,472,o,116,filler,filler
bird,1,eye,top,559,x,116,test,top
broom,1,bristles,bottom,485,o,116,test,bottom
cane,1,sugar,top,506,o,116,filler,filler
bedroom,1,curtains,top,579,x,116,test,top
trouser,1,hem,top,450,x,116,test,bottom
cowboy,1,hat,top,604,x,116,test,top
house,1,cellar,top,480,x,116,test,bottom
sugar,1,extract,bottom,467,o,116,filler,filler
car,1,windows,top,430,x,116,test,top
oil,1,moisturizer,bottom,481,x,116,filler,filler
plastic,1,report,top,561,o,116,filler,filler
steam,1,turbine,bottom,559,x,116,filler,filler
sugar,1,alcohol,top,576,x,116,filler,filler
rain,1,cloud,bottom,501,o,116,test,top
hotel,1,lobby,top,383,x,116,test,bottom
bear,1,snout,top,386,x,116,test,top
bottle,1,coaster,bottom,358,o,116,test,bottom
urban,1,riot,top,436,o,116,filler,filler
grain,1,law,top,392,o,116,filler,filler
corn,1,seed,bottom,428,o,116,test,bottom
table,1,cloth,bottom,534,o,116,test,top
cactus,1,chipmunk,bottom,446,o,116,filler,filler
cable,1,brake,top,519,x,116,filler,filler
water,1,algae,bottom,384,o,116,filler,filler
olive,1,season,top,439,o,116,filler,filler
student,1,accusation,bottom,423,o,116,filler,filler
nose,1,itch,bottom,496,o,116,filler,filler
moth,1,shape,top,580,x,116,filler,filler
coffee,1,stain,bottom,445,o,116,filler,filler
coconut,1,milk,bottom,479,o,116,test,bottom
coal,1,town,top,573,x,116,filler,filler
water,1,bird,top,622,x,116,filler,filler
coffee,1,tension,top,589,x,116,filler,filler
mushroom,1,stalk,top,468,x,116,test,bottom
plastic,1,shortage,bottom,718,x,116,filler,filler
wood,1,freshner,bottom,719,o,116,filler,filler
church,1,pew,bottom,512,o,116,test,bottom
dog,1,collar,top,463,x,116,test,top
chocolate,1,powder,bottom,447,o,116,filler,filler
bedroom,1,carpet,bottom,526,o,116,test,bottom
pine,1,bark,bottom,371,o,116,filler,filler
tax,1,pressure,top,424,o,116,filler,filler
table,1,leg,top,467,x,116,test,bottom
birth,1,cramp,bottom,397,x,116,filler,filler
shoe,1,soles,top,355,x,116,test,bottom
moth,1,wing,bottom,319,o,116,filler,filler
job,1,competition,bottom,384,x,116,filler,filler
summer,1,money,top,413,o,116,filler,filler
dog,0,paw,bottom,417,o,116,test,bottom
pine,1,oil,top,525,x,116,filler,filler
fruit,1,food,top,462,x,116,filler,filler
floor,1,rug,top,478,x,116,test,bottom
milk,1,bacterium,bottom,448,o,116,filler,filler
broom,1,handle,top,512,x,116,test,top
hotel,1,roof,bottom,416,o,116,test,top
olive,1,fertilizer,bottom,671,x,116,filler,filler
tax,1,wealth,bottom,386,x,116,filler,filler
bicycle,1,seat,top,590,x,116,test,top
bicycle,1,tire,bottom,435,o,116,test,bottom
urban,1,tower,bottom,430,x,116,filler,filler
shoe,0,laces,bottom,402,o,116,test,top
air,1,current,bottom,471,x,116,filler,filler
honey,1,muffin,bottom,483,o,116,filler,filler
horse,1,mane,bottom,498,o,116,test,top
mushroom,1,cap,bottom,431,o,116,test,top
desk,1,drawer,bottom,507,o,116,test,bottom
fruit,1,slice,bottom,543,o,116,filler,filler
family,1,garden,bottom,477,x,116,filler,filler
bird,1,talon,bottom,511,o,116,test,bottom
family,1,garden,bottom,367,x,117,filler,filler
mountain,0,peak,bottom,396,o,117,test,top
steam,0,turbine,bottom,4,x,117,filler,filler
water,1,bird,top,3,x,117,filler,filler
wood,1,freshner,bottom,1,o,117,filler,filler
desk,0,drawer,bottom,1,o,117,test,bottom
bear,0,snout,top,392,x,117,test,top
sugar,1,alcohol,top,5,x,117,filler,filler
cable,1,pulley,bottom,670,o,117,filler,filler
cane,1,juice,bottom,434,x,117,filler,filler
honey,1,muffin,bottom,557,o,117,filler,filler
cactus,1,chipmunk,bottom,483,o,117,filler,filler
coffee,1,stain,bottom,333,o,117,filler,filler
nose,1,itch,bottom,406,o,117,filler,filler
corn,1,seed,bottom,334,o,117,test,bottom
urban,1,tower,bottom,464,x,117,filler,filler
tree,1,leaves,bottom,504,o,117,test,top
broom,1,handle,top,484,x,117,test,top
horse,1,hooves,top,427,x,117,test,bottom
table,1,cloth,bottom,411,o,117,test,top
coconut,1,tree,top,629,x,117,test,top
trouser,1,hem,top,599,x,117,test,bottom
urban,1,riot,top,428,o,117,filler,filler
fruit,1,food,top,485,x,117,filler,filler
cane,1,sugar,top,322,o,117,filler,filler
bird,1,eye,top,390,x,117,test,top
winter,1,show,bottom,397,x,117,filler,filler
house,0,attic,bottom,384,o,117,test,top
coal,0,town,top,412,x,117,filler,filler
olive,1,season,top,495,o,117,filler,filler
coconut,1,milk,bottom,566,o,117,test,bottom
trouser,1,buckle,bottom,451,o,117,test,top
elephant,1,ear,top,500,x,117,test,top
oil,1,treatment,top,430,o,117,filler,filler
bicycle,1,seat,top,510,x,117,test,top
birth,1,cramp,bottom,401,x,117,filler,filler
mountain,1,base,top,619,x,117,test,bottom
floor,1,lamp,bottom,481,o,117,test,top
shower,1,drain,top,561,x,117,test,bottom
college,1,lake,top,400,o,117,filler,filler
hotel,1,lobby,top,427,x,117,test,bottom
birth,1,rash,top,400,o,117,filler,filler
honey,1,soup,top,478,x,117,filler,filler
dog,1,paw,bottom,486,o,117,test,bottom
fruit,1,slice,bottom,591,o,117,filler,filler
summer,1,clothes,bottom,370,x,117,filler,filler
bottle,0,coaster,bottom,344,o,117,test,bottom
milk,1,virus,top,528,x,117,filler,filler
student,1,vote,top,489,x,117,filler,filler
coffee,1,tension,top,433,x,117,filler,filler
tax,1,wealth,bottom,468,x,117,filler,filler
winter,1,book,top,462,o,117,filler,filler
shoe,1,soles,top,448,x,117,test,bottom
summer,1,money,top,451,o,117,filler,filler
elephant,0,foot,bottom,404,o,117,test,bottom
moth,1,shape,top,542,x,117,filler,filler
ocean,1,surface,bottom,449,o,117,test,top
church,1,steeple,top,464,x,117,test,top
cowboy,1,boot,bottom,462,o,117,test,bottom
mushroom,1,stalk,top,445,x,117,test,bottom
family,1,cow,top,464,o,117,filler,filler
shower,1,spout,bottom,579,o,117,test,top
oil,1,moisturizer,bottom,449,x,117,filler,filler
house,1,cellar,top,514,x,117,test,bottom
car,1,windows,top,462,x,117,test,top
student,1,accusation,bottom,430,o,117,filler,filler
chocolate,1,powder,bottom,418,o,117,filler,filler
cactus,1,bee,top,468,x,117,filler,filler
floor,1,rug,top,478,x,117,test,bottom
bear,1,claw,bottom,379,o,117,test,bottom
olive,1,fertilizer,bottom,514,x,117,filler,filler
nose,1,sound,top,406,x,117,filler,filler
bird,1,talon,bottom,457,o,117,test,bottom
air,1,current,bottom,355,x,117,filler,filler
grain,1,controversy,bottom,400,x,117,filler,filler
steam,1,lock,top,398,o,117,filler,filler
coal,1,country,bottom,495,o,117,filler,filler
flower,1,stem,top,444,x,117,test,bottom
milk,1,bacterium,bottom,460,o,117,filler,filler
air,1,power,top,455,o,117,filler,filler
ocean,1,floor,top,521,x,117,test,bottom
bicycle,1,tire,bottom,494,o,117,test,bottom
table,1,leg,top,422,x,117,test,bottom
college,1,property,bottom,499,x,117,filler,filler
tax,1,pressure,top,355,o,117,filler,filler
rain,1,cloud,bottom,497,o,117,test,top
water,1,algae,bottom,483,o,117,filler,filler
street,1,light,bottom,411,o,117,test,top
shoe,1,laces,bottom,469,o,117,test,top
moth,1,wing,bottom,408,o,117,filler,filler
job,1,language,top,445,o,117,filler,filler
pine,1,oil,top,495,x,117,filler,filler
street,1,corner,top,494,x,117,test,bottom
broom,1,bristles,bottom,530,o,117,test,bottom
mushroom,1,cap,bottom,481,o,117,test,top
clock,1,tower,top,625,x,117,test,top
chocolate,1,shavings,top,493,x,117,filler,filler
wood,1,stove,top,604,x,117,filler,filler
bedroom,1,carpet,bottom,466,o,117,test,bottom
plastic,1,report,top,442,o,117,filler,filler
hotel,1,roof,bottom,537,o,117,test,top
pine,1,bark,bottom,541,o,117,filler,filler
dog,1,collar,top,571,x,117,test,top
plastic,1,shortage,bottom,497,x,117,filler,filler
bedroom,1,curtains,top,550,x,117,test,top
grain,1,law,top,461,o,117,filler,filler
church,1,pew,bottom,501,o,117,test,bottom
clock,1,radio,bottom,514,o,117,test,bottom
desk,1,lamp,top,517,x,117,test,top
rain,1,puddle,top,659,x,117,test,bottom
flower,1,petal,bottom,464,o,117,test,top
corn,1,stalk,top,448,x,117,test,top
sugar,1,extract,bottom,515,o,117,filler,filler
car,1,wheels,bottom,467,o,117,test,bottom
job,1,competition,bottom,559,x,117,filler,filler
cowboy,1,hat,top,516,x,117,test,top
horse,1,mane,bottom,530,o,117,test,top
bottle,1,cap,top,364,x,117,test,top
tree,1,roots,top,418,x,117,test,bottom
cable,1,brake,top,400,x,117,filler,filler
clock,1,tower,top,637,x,118,test,top
broom,1,bristles,bottom,708,o,118,test,bottom
urban,1,tower,bottom,656,x,118,filler,filler
bottle,1,cap,top,737,x,118,test,top
flower,1,stem,top,558,x,118,test,bottom
car,1,windows,top,442,x,118,test,top
honey,1,muffin,bottom,537,o,118,filler,filler
dog,1,collar,top,409,x,118,test,top
street,0,corner,top,396,x,118,test,bottom
ocean,1,surface,bottom,616,o,118,test,top
sugar,1,extract,bottom,494,o,118,filler,filler
fruit,1,food,top,598,x,118,filler,filler
summer,1,money,top,471,o,118,filler,filler
cowboy,1,boot,bottom,572,o,118,test,bottom
bear,1,claw,bottom,776,o,118,test,bottom
bedroom,1,carpet,bottom,451,o,118,test,bottom
hotel,1,roof,bottom,488,o,118,test,top
bottle,1,coaster,bottom,707,o,118,test,bottom
tax,1,pressure,top,440,o,118,filler,filler
air,1,current,bottom,469,x,118,filler,filler
urban,1,riot,top,475,o,118,filler,filler
bird,1,talon,bottom,520,o,118,test,bottom
corn,1,seed,bottom,586,o,118,test,bottom
floor,1,lamp,bottom,500,o,118,test,top
milk,1,virus,top,625,x,118,filler,filler
church,1,pew,bottom,471,o,118,test,bottom
mushroom,1,stalk,top,512,x,118,test,bottom
moth,1,wing,bottom,539,o,118,filler,filler
rain,1,cloud,bottom,419,o,118,test,top
rain,1,puddle,top,490,x,118,test,bottom
college,1,property,bottom,546,x,118,filler,filler
chocolate,1,powder,bottom,500,o,118,filler,filler
church,1,steeple,top,710,x,118,test,top
flower,1,petal,bottom,485,o,118,test,top
coffee,1,stain,bottom,468,o,118,filler,filler
elephant,1,foot,bottom,441,o,118,test,bottom
oil,1,moisturizer,bottom,539,x,118,filler,filler
milk,1,bacterium,bottom,1184,o,118,filler,filler
cactus,1,chipmunk,bottom,573,o,118,filler,filler
chocolate,1,shavings,top,499,x,118,filler,filler
birth,1,cramp,bottom,615,x,118,filler,filler
fruit,1,slice,bottom,497,o,118,filler,filler
ocean,1,floor,top,401,x,118,test,bottom
horse,1,hooves,top,396,x,118,test,bottom
job,1,competition,bottom,418,x,118,filler,filler
mountain,1,peak,bottom,447,o,118,test,top
steam,1,lock,top,498,o,118,filler,filler
coconut,1,tree,top,433,x,118,test,top
trouser,0,hem,top,374,x,118,test,bottom
table,1,leg,top,587,x,118,test,bottom
summer,1,clothes,bottom,399,x,118,filler,filler
coffee,1,tension,top,532,x,118,filler,filler
tree,1,leaves,bottom,725,o,118,test,top
tax,1,wealth,bottom,517,x,118,filler,filler
shower,1,drain,top,566,x,118,test,bottom
shoe,1,soles,top,497,x,118,test,bottom
moth,1,shape,top,403,x,118,filler,filler
dog,1,paw,bottom,583,o,118,test,bottom
sugar,1,alcohol,top,496,x,118,filler,filler
coconut,1,milk,bottom,559,o,118,test,bottom
mushroom,1,cap,bottom,636,o,118,test,top
clock,1,radio,bottom,391,o,118,test,bottom
bicycle,1,seat,top,521,x,118,test,top
winter,1,show,bottom,439,x,118,filler,filler
elephant,1,ear,top,619,x,118,test,top
desk,1,drawer,bottom,422,o,118,test,bottom
coal,1,country,bottom,459,o,118,filler,filler
plastic,1,shortage,bottom,519,x,118,filler,filler
house,1,cellar,top,522,x,118,test,bottom
pine,1,bark,bottom,588,o,118,filler,filler
bicycle,1,tire,bottom,646,o,118,test,bottom
cowboy,1,hat,top,669,x,118,test,top
trouser,1,buckle,bottom,422,o,118,test,top
table,1,cloth,bottom,535,o,118,test,top
birth,1,rash,top,506,o,118,filler,filler
shoe,1,laces,bottom,566,o,118,test,top
oil,1,treatment,top,406,o,118,filler,filler
hotel,1,lobby,top,566,x,118,test,bottom
pine,1,oil,top,614,x,118,filler,filler
cane,1,juice,bottom,651,x,118,filler,filler
water,1,bird,top,468,x,118,filler,filler
college,1,lake,top,525,o,118,filler,filler
broom,1,handle,top,585,x,118,test,top
cable,1,pulley,bottom,633,o,118,filler,filler
plastic,1,report,top,458,o,118,filler,filler
horse,1,mane,bottom,613,o,118,test,top
olive,1,season,top,522,o,118,filler,filler
house,1,attic,bottom,585,o,118,test,top
bear,1,snout,top,662,x,118,test,top
student,1,vote,top,581,x,118,filler,filler
job,1,language,top,443,o,118,filler,filler
wood,1,freshner,bottom,537,o,118,filler,filler
family,1,garden,bottom,325,x,118,filler,filler
desk,1,lamp,top,534,x,118,test,top
corn,1,stalk,top,535,x,118,test,top
air,1,power,top,516,o,118,filler,filler
winter,1,book,top,454,o,118,filler,filler
steam,1,turbine,bottom,431,x,118,filler,filler
wood,1,stove,top,499,x,118,filler,filler
mountain,1,base,top,314,x,118,test,bottom
olive,1,fertilizer,bottom,469,x,118,filler,filler
car,1,wheels,bottom,407,o,118,test,bottom
cactus,1,bee,top,466,x,118,filler,filler
family,1,cow,top,821,o,118,filler,filler
street,0,light,bottom,650,o,118,test,top
nose,1,sound,top,812,x,118,filler,filler
shower,1,spout,bottom,562,o,118,test,top
cane,1,sugar,top,639,o,118,filler,filler
bedroom,1,curtains,top,928,x,118,test,top
student,1,accusation,bottom,583,o,118,filler,filler
honey,1,soup,top,545,x,118,filler,filler
water,1,algae,bottom,594,o,118,filler,filler
bird,1,eye,top,466,x,118,test,top
cable,1,brake,top,666,x,118,filler,filler
grain,1,law,top,392,o,118,filler,filler
coal,1,town,top,492,x,118,filler,filler
grain,1,controversy,bottom,395,x,118,filler,filler
floor,0,rug,top,406,x,118,test,bottom
tree,1,roots,top,522,x,118,test,bottom
nose,0,itch,bottom,368,o,118,filler,filler
hotel,1,lobby,top,448,x,119,test,bottom
church,1,pew,bottom,398,o,119,test,bottom
air,1,power,top,497,o,119,filler,filler
trouser,1,buckle,bottom,446,o,119,test,top
winter,1,book,top,393,o,119,filler,filler
grain,1,controversy,bottom,553,x,119,filler,filler
rain,1,cloud,bottom,483,o,119,test,top
nose,1,itch,bottom,406,o,119,filler,filler
cowboy,1,boot,bottom,465,o,119,test,bottom
street,1,light,bottom,388,o,119,test,top
mushroom,1,cap,bottom,386,o,119,test,top
elephant,1,foot,bottom,463,o,119,test,bottom
winter,1,show,bottom,543,x,119,filler,filler
floor,1,rug,top,401,x,119,test,bottom
bedroom,1,carpet,bottom,454,o,119,test,bottom
tax,1,wealth,bottom,573,x,119,filler,filler
church,1,steeple,top,545,x,119,test,top
corn,1,stalk,top,542,x,119,test,top
moth,1,wing,bottom,448,o,119,filler,filler
fruit,1,food,top,461,x,119,filler,filler
floor,1,lamp,bottom,404,o,119,test,top
shower,1,spout,bottom,430,o,119,test,top
summer,1,clothes,bottom,406,x,119,filler,filler
bicycle,1,tire,bottom,365,o,119,test,bottom
chocolate,1,shavings,top,479,x,119,filler,filler
horse,1,hooves,top,445,x,119,test,bottom
mountain,1,base,top,501,x,119,test,bottom
dog,1,collar,top,432,x,119,test,top
cactus,1,chipmunk,bottom,400,o,119,filler,filler
mushroom,1,stalk,top,565,x,119,test,bottom
coal,1,town,top,501,x,119,filler,filler
family,1,garden,bottom,405,x,119,filler,filler
shoe,1,laces,bottom,502,o,119,test,top
wood,1,stove,top,591,x,119,filler,filler
dog,1,paw,bottom,354,o,119,test,bottom
desk,1,drawer,bottom,538,o,119,test,bottom
desk,1,lamp,top,478,x,119,test,top
cable,1,pulley,bottom,371,o,119,filler,filler
clock,1,radio,bottom,397,o,119,test,bottom
bedroom,1,curtains,top,484,x,119,test,top
sugar,1,alcohol,top,816,x,119,filler,filler
corn,1,seed,bottom,475,o,119,test,bottom
pine,1,oil,top,630,x,119,filler,filler
student,1,vote,top,400,x,119,filler,filler
college,1,property,bottom,563,x,119,filler,filler
family,1,cow,top,579,o,119,filler,filler
honey,1,muffin,bottom,495,o,119,filler,filler
birth,1,rash,top,434,o,119,filler,filler
broom,1,bristles,bottom,404,o,119,test,bottom
nose,1,sound,top,561,x,119,filler,filler
clock,1,tower,top,413,x,119,test,top
car,1,windows,top,449,x,119,test,top
bear,1,snout,top,405,x,119,test,top
grain,1,law,top,477,o,119,filler,filler
summer,1,money,top,397,o,119,filler,filler
bird,1,eye,top,537,x,119,test,top
rain,1,puddle,top,398,x,119,test,bottom
house,1,cellar,top,514,x,119,test,bottom
flower,1,stem,top,417,x,119,test,bottom
pine,1,bark,bottom,401,o,119,filler,filler
bottle,1,coaster,bottom,674,o,119,test,bottom
plastic,1,report,top,557,o,119,filler,filler
wood,1,freshner,bottom,579,o,119,filler,filler
table,1,leg,top,510,x,119,test,bottom
shower,1,drain,top,562,x,119,test,bottom
olive,1,season,top,497,o,119,filler,filler
oil,1,moisturizer,bottom,544,x,119,filler,filler
sugar,1,extract,bottom,702,o,119,filler,filler
cane,1,juice,bottom,623,x,119,filler,filler
college,1,lake,top,451,o,119,filler,filler
car,1,wheels,bottom,669,o,119,test,bottom
milk,1,virus,top,479,x,119,filler,filler
trouser,1,hem,top,638,x,119,test,bottom
cable,1,brake,top,508,x,119,filler,filler
tax,1,pressure,top,530,o,119,filler,filler
street,1,corner,top,484,x,119,test,bottom
ocean,1,floor,top,395,x,119,test,bottom
steam,1,turbine,bottom,508,x,119,filler,filler
coffee,1,stain,bottom,481,o,119,filler,filler
flower,1,petal,bottom,387,o,119,test,top
cactus,1,bee,top,451,x,119,filler,filler
coconut,1,tree,top,432,x,119,test,top
water,1,bird,top,502,x,119,filler,filler
coal,1,country,bottom,669,o,119,filler,filler
bottle,1,cap,top,429,x,119,test,top
table,1,cloth,bottom,772,o,119,test,top
coconut,1,milk,bottom,425,o,119,test,bottom
elephant,1,ear,top,442,x,119,test,top
broom,1,handle,top,481,x,119,test,top
hotel,1,roof,bottom,540,o,119,test,top
horse,1,mane,bottom,397,o,119,test,top
steam,1,lock,top,545,o,119,filler,filler
bicycle,1,seat,top,525,x,119,test,top
tree,1,leaves,bottom,507,o,119,test,top
tree,1,roots,top,638,x,119,test,bottom
moth,1,shape,top,609,x,119,filler,filler
job,1,language,top,447,o,119,filler,filler
birth,1,cramp,bottom,880,x,119,filler,filler
honey,1,soup,top,465,x,119,filler,filler
chocolate,1,powder,bottom,378,o,119,filler,filler
plastic,1,shortage,bottom,480,x,119,filler,filler
coffee,1,tension,top,480,x,119,filler,filler
student,1,accusation,bottom,390,o,119,filler,filler
fruit,1,slice,bottom,479,o,119,filler,filler
oil,1,treatment,top,494,o,119,filler,filler
mountain,0,peak,bottom,346,o,119,test,top
bird,1,talon,bottom,511,o,119,test,bottom
urban,1,riot,top,606,o,119,filler,filler
cowboy,1,hat,top,559,x,119,test,top
air,1,current,bottom,717,x,119,filler,filler
bear,1,claw,bottom,429,o,119,test,bottom
ocean,1,surface,bottom,452,o,119,test,top
olive,0,fertilizer,bottom,399,x,119,filler,filler
cane,1,sugar,top,497,o,119,filler,filler
house,1,attic,bottom,565,o,119,test,top
shoe,1,soles,top,469,x,119,test,bottom
urban,1,tower,bottom,741,x,119,filler,filler
milk,1,bacterium,bottom,513,o,119,filler,filler
job,1,competition,bottom,532,x,119,filler,filler
water,1,algae,bottom,477,o,119,filler,filler
honey,1,muffin,bottom,512,o,120,filler,filler
winter,1,show,bottom,660,x,120,filler,filler
olive,1,fertilizer,bottom,684,x,120,filler,filler
ocean,1,surface,bottom,635,o,120,test,top
cable,1,pulley,bottom,571,o,120,filler,filler
wood,1,freshner,bottom,456,o,120,filler,filler
water,1,algae,bottom,702,o,120,filler,filler
chocolate,1,powder,bottom,605,o,120,filler,filler
car,1,windows,top,577,x,120,test,top
honey,1,soup,top,511,x,120,filler,filler
floor,1,rug,top,433,x,120,test,bottom
family,1,garden,bottom,516,x,120,filler,filler
bedroom,1,carpet,bottom,454,o,120,test,bottom
cable,1,brake,top,606,x,120,filler,filler
nose,1,sound,top,513,x,120,filler,filler
dog,1,paw,bottom,484,o,120,test,bottom
horse,1,mane,bottom,420,o,120,test,top
horse,1,hooves,top,494,x,120,test,bottom
shoe,1,soles,top,394,x,120,test,bottom
college,1,property,bottom,522,x,120,filler,filler
shoe,1,laces,bottom,484,o,120,test,top
urban,1,riot,top,524,o,120,filler,filler
bird,1,eye,top,491,x,120,test,top
plastic,1,shortage,bottom,458,x,120,filler,filler
sugar,1,alcohol,top,527,x,120,filler,filler
bottle,1,cap,top,402,x,120,test,top
coal,1,country,bottom,401,o,120,filler,filler
steam,1,turbine,bottom,498,x,120,filler,filler
elephant,1,ear,top,471,x,120,test,top
air,1,current,bottom,412,x,120,filler,filler
corn,1,stalk,top,541,x,120,test,top
tree,1,roots,top,397,x,120,test,bottom
plastic,1,report,top,455,o,120,filler,filler
broom,1,handle,top,507,x,120,test,top
urban,1,tower,bottom,417,x,120,filler,filler
bird,1,talon,bottom,470,o,120,test,bottom
sugar,1,extract,bottom,493,o,120,filler,filler
tree,1,leaves,bottom,426,o,120,test,top
bicycle,1,tire,bottom,368,o,120,test,bottom
cowboy,1,boot,bottom,369,o,120,test,bottom
flower,1,petal,bottom,333,o,120,test,top
clock,1,radio,bottom,343,o,120,test,bottom
fruit,1,food,top,487,x,120,filler,filler
coconut,1,tree,top,451,x,120,test,top
moth,1,wing,bottom,498,o,120,filler,filler
student,1,accusation,bottom,483,o,120,filler,filler
coffee,1,tension,top,467,x,120,filler,filler
church,1,pew,bottom,436,o,120,test,bottom
cowboy,1,hat,top,447,x,120,test,top
grain,1,law,top,558,o,120,filler,filler
car,1,wheels,bottom,577,o,120,test,bottom
dog,1,collar,top,494,x,120,test,top
coal,1,town,top,509,x,120,filler,filler
mushroom,1,cap,bottom,425,o,120,test,top
pine,1,bark,bottom,404,o,120,filler,filler
cactus,1,chipmunk,bottom,567,o,120,filler,filler
desk,1,lamp,top,578,x,120,test,top
cactus,1,bee,top,415,x,120,filler,filler
house,1,cellar,top,437,x,120,test,bottom
oil,1,moisturizer,bottom,497,x,120,filler,filler
job,1,language,top,446,o,120,filler,filler
floor,1,lamp,bottom,482,o,120,test,top
moth,1,shape,top,366,x,120,filler,filler
summer,1,money,top,425,o,120,filler,filler
table,1,cloth,bottom,642,o,120,test,top
flower,1,stem,top,430,x,120,test,bottom
milk,1,virus,top,426,x,120,filler,filler
nose,1,itch,bottom,460,o,120,filler,filler
grain,1,controversy,bottom,496,x,120,filler,filler
corn,1,seed,bottom,465,o,120,test,bottom
tax,1,wealth,bottom,501,x,120,filler,filler
rain,1,cloud,bottom,438,o,120,test,top
summer,1,clothes,bottom,501,x,120,filler,filler
family,1,cow,top,477,o,120,filler,filler
bedroom,1,curtains,top,544,x,120,test,top
shower,1,spout,bottom,434,o,120,test,top
college,1,lake,top,739,o,120,filler,filler
student,1,vote,top,430,x,120,filler,filler
job,0,competition,bottom,451,x,120,filler,filler
bottle,1,coaster,bottom,474,o,120,test,bottom
chocolate,1,shavings,top,442,x,120,filler,filler
oil,1,treatment,top,537,o,120,filler,filler
coconut,1,milk,bottom,504,o,120,test,bottom
street,1,corner,top,398,x,120,test,bottom
pine,1,oil,top,440,x,120,filler,filler
elephant,1,foot,bottom,443,o,120,test,bottom
rain,1,puddle,top,433,x,120,test,bottom
bicycle,1,seat,top,444,x,120,test,top
bear,1,snout,top,466,x,120,test,top
desk,1,drawer,bottom,449,o,120,test,bottom
trouser,1,buckle,bottom,379,o,120,test,top
table,1,leg,top,611,x,120,test,bottom
birth,1,cramp,bottom,577,x,120,filler,filler
ocean,1,floor,top,563,x,120,test,bottom
cane,1,juice,bottom,676,x,120,filler,filler
winter,1,book,top,580,o,120,filler,filler
house,1,attic,bottom,351,o,120,test,top
fruit,1,slice,bottom,352,o,120,filler,filler
tax,1,pressure,top,461,o,120,filler,filler
broom,1,bristles,bottom,545,o,120,test,bottom
birth,1,rash,top,417,o,120,filler,filler
wood,1,stove,top,486,x,120,filler,filler
mushroom,1,stalk,top,496,x,120,test,bottom
water,1,bird,top,462,x,120,filler,filler
mountain,1,base,top,473,x,120,test,bottom
mountain,1,peak,bottom,465,o,120,test,top
olive,1,season,top,532,o,120,filler,filler
hotel,1,lobby,top,459,x,120,test,bottom
hotel,1,roof,bottom,460,o,120,test,top
trouser,1,hem,top,479,x,120,test,bottom
church,1,steeple,top,400,x,120,test,top
milk,1,bacterium,bottom,445,o,120,filler,filler
steam,1,lock,top,593,o,120,filler,filler
clock,1,tower,top,471,x,120,test,top
coffee,1,stain,bottom,527,o,120,filler,filler
cane,1,sugar,top,511,o,120,filler,filler
bear,1,claw,bottom,447,o,120,test,bottom
air,1,power,top,512,o,120,filler,filler
street,1,light,bottom,595,o,120,test,top
shower,1,drain,top,429,x,120,test,bottom
olive,1,fertilizer,bottom,383,x,121,filler,filler
bicycle,1,tire,bottom,481,o,121,test,bottom
milk,1,virus,top,444,x,121,filler,filler
house,1,cellar,top,379,x,121,test,bottom
table,1,cloth,bottom,428,o,121,test,top
fruit,1,slice,bottom,406,o,121,filler,filler
bird,1,eye,top,457,x,121,test,top
tree,1,roots,top,441,x,121,test,bottom
sugar,1,extract,bottom,397,o,121,filler,filler
hotel,1,roof,bottom,465,o,121,test,top
bicycle,1,seat,top,372,x,121,test,top
dog,1,paw,bottom,419,o,121,test,bottom
floor,1,lamp,bottom,390,o,121,test,top
student,1,accusation,bottom,404,o,121,filler,filler
shoe,1,laces,bottom,368,o,121,test,top
birth,0,rash,top,468,o,121,filler,filler
coal,1,country,bottom,400,o,121,filler,filler
cactus,1,bee,top,479,x,121,filler,filler
flower,1,petal,bottom,423,o,121,test,top
bear,1,claw,bottom,506,o,121,test,bottom
ocean,1,surface,bottom,435,o,121,test,top
hotel,1,lobby,top,430,x,121,test,bottom
birth,1,cramp,bottom,481,x,121,filler,filler
summer,1,money,top,414,o,121,filler,filler
air,1,current,bottom,423,x,121,filler,filler
horse,1,hooves,top,461,x,121,test,bottom
corn,1,seed,bottom,420,o,121,test,bottom
urban,1,riot,top,333,o,121,filler,filler
nose,0,sound,top,334,x,121,filler,filler
coal,1,town,top,456,x,121,filler,filler
grain,1,controversy,bottom,410,x,121,filler,filler
mountain,1,peak,bottom,449,o,121,test,top
winter,1,book,top,477,o,121,filler,filler
coffee,1,stain,bottom,463,o,121,filler,filler
water,1,bird,top,497,x,121,filler,filler
church,1,pew,bottom,497,o,121,test,bottom
plastic,1,report,top,577,o,121,filler,filler
shoe,1,soles,top,464,x,121,test,bottom
honey,1,muffin,bottom,420,o,121,filler,filler
winter,1,show,bottom,465,x,121,filler,filler
mountain,1,base,top,590,x,121,test,bottom
bear,1,snout,top,509,x,121,test,top
trouser,1,buckle,bottom,398,o,121,test,top
broom,1,handle,top,418,x,121,test,top
tax,1,wealth,bottom,416,x,121,filler,filler
cable,1,pulley,bottom,420,o,121,filler,filler
house,1,attic,bottom,415,o,121,test,top
bottle,1,cap,top,418,x,121,test,top
broom,1,bristles,bottom,415,o,121,test,bottom
chocolate,1,shavings,top,411,x,121,filler,filler
honey,1,soup,top,366,x,121,filler,filler
steam,1,turbine,bottom,420,x,121,filler,filler
bottle,1,coaster,bottom,481,o,121,test,bottom
oil,1,treatment,top,387,o,121,filler,filler
coconut,1,milk,bottom,443,o,121,test,bottom
cane,1,sugar,top,350,o,121,filler,filler
nose,1,itch,bottom,448,o,121,filler,filler
bedroom,1,carpet,bottom,451,o,121,test,bottom
ocean,1,floor,top,470,x,121,test,bottom
oil,1,moisturizer,bottom,451,x,121,filler,filler
table,1,leg,top,470,x,121,test,bottom
mushroom,1,cap,bottom,412,o,121,test,top
family,1,garden,bottom,391,x,121,filler,filler
pine,1,oil,top,434,x,121,filler,filler
college,1,property,bottom,397,x,121,filler,filler
street,1,corner,top,425,x,121,test,bottom
corn,1,stalk,top,491,x,121,test,top
milk,1,bacterium,bottom,430,o,121,filler,filler
rain,1,cloud,bottom,447,o,121,test,top
clock,1,tower,top,478,x,121,test,top
dog,1,collar,top,490,x,121,test,top
coffee,1,tension,top,415,x,121,filler,filler
car,1,windows,top,405,x,121,test,top
air,1,power,top,401,o,121,filler,filler
tax,1,pressure,top,341,o,121,filler,filler
job,1,language,top,374,o,121,filler,filler
cable,1,brake,top,491,x,121,filler,filler
cane,1,juice,bottom,417,x,121,filler,filler
church,1,steeple,top,448,x,121,test,top
pine,1,bark,bottom,422,o,121,filler,filler
flower,1,stem,top,482,x,121,test,bottom
cactus,1,chipmunk,bottom,447,o,121,filler,filler
plastic,1,shortage,bottom,401,x,121,filler,filler
coconut,1,tree,top,414,x,121,test,top
desk,1,lamp,top,399,x,121,test,top
student,1,vote,top,430,x,121,filler,filler
steam,1,lock,top,453,o,121,filler,filler
moth,1,shape,top,404,x,121,filler,filler
chocolate,1,powder,bottom,561,o,121,filler,filler
desk,1,drawer,bottom,526,o,121,test,bottom
rain,1,puddle,top,344,x,121,test,bottom
cowboy,1,hat,top,381,x,121,test,top
car,1,wheels,bottom,370,o,121,test,bottom
job,1,competition,bottom,386,x,121,filler,filler
olive,1,season,top,447,o,121,filler,filler
summer,1,clothes,bottom,352,x,121,filler,filler
shower,0,drain,top,368,x,121,test,bottom
sugar,1,alcohol,top,454,x,121,filler,filler
college,1,lake,top,527,o,121,filler,filler
elephant,1,foot,bottom,510,o,121,test,bottom
floor,1,rug,top,448,x,121,test,bottom
water,1,algae,bottom,482,o,121,filler,filler
mushroom,1,stalk,top,452,x,121,test,bottom
tree,1,leaves,bottom,475,o,121,test,top
wood,1,stove,top,413,x,121,filler,filler
bird,1,talon,bottom,388,o,121,test,bottom
shower,1,spout,bottom,445,o,121,test,top
clock,1,radio,bottom,513,o,121,test,bottom
elephant,1,ear,top,421,x,121,test,top
grain,1,law,top,476,o,121,filler,filler
urban,1,tower,bottom,430,x,121,filler,filler
street,1,light,bottom,457,o,121,test,top
horse,1,mane,bottom,406,o,121,test,top
wood,1,freshner,bottom,451,o,121,filler,filler
family,1,cow,top,420,o,121,filler,filler
fruit,1,food,top,526,x,121,filler,filler
trouser,1,hem,top,430,x,121,test,bottom
bedroom,1,curtains,top,402,x,121,test,top
moth,1,wing,bottom,399,o,121,filler,filler
cowboy,1,boot,bottom,371,o,121,test,bottom
